toothpaste, tooth paste
redbull, red bull
cocacola, coca cola, coca-cola, coke
pampers, pamper
ice cream, icecream
diapers, diaper
chocolate, choclate
egg, eggs
yoghurt, yogurt, yhogurt, yhoghurt, yogort, yoghort
7up, 7 up
coffee, cofee, cofee, coffe
toothbrush, tooth brush
banana, bannana, bananna
soft drink, softdrink, soft drinks, softdrinks
apple, aple, applle,
juice, juce,
mayonnaise, mayo, mayonaise, mayyo, mayyonaise, mayyonnaise
syrup, serup
ketchup, kechup
vegetables, vegtables, vegetable, vegtable
meat, meet
pizza, piza
cream, creem
honey, hony, hone
cigarettes, cigaretes, cigarette, cigarete, cigaret, cigarets
clearspring, clear spring
klassno, klasno
horlicks, horlecks, horlick, horleck
gillette, gilette, gilete, gillet, gillete, gillet, gilet, gilett
al ain, alain, ain
al marai, almarai, marai
al rawabi, alrawabi, rawabi
mc cain, mccain
nando's, nandos, nando
al khaleej, alkhaleej
duracell, duracel, durasell, durasel
weetabix, weet bix
rahma, al rahma, alrahma
ph care, phcare
jack&jill, jack & jill, jack jill
cote d'or, coted'or, cote dor, cotedor
chiclet, chicklet, chiclett, chicklett
van melle, vanmelle, van mell, vanmell, van mel, vanmel
scotch, scoch
zippo, zipo
ferrero rocher, ferrero, ferero, ferero rocher, ferrero roche, ferero rocher
after eight, aftereight
mr. muscle, mr muscle, mrmuscle
formula 409, formula409
pert, pert plus, pertplus
uncle ben's, uncle bens, uncle ben, uncleben, unclebens
al wazir, alwazir
dailyfresh, daily fresh
parachute, parachutte, parachut
noor, nour
campbell's, campbells, campbell, cambell's, cambells, cambel
kellogg's, kelloggs, kellogg, kelog, kelogg, kellog, kellogs, keloggs, kelogs
kleenex, klenex
al rabih, alrabih
del monte, delmonte
dunhill, dunhil
cool & cool, cool&cool, cool cool
honey cheerios, cheerios, honeycheerios
all bran, allbran
baskin robbins, baskin robbin, baskinrobbins, baskinrobbin
nesquik, nesquick
alicafe, ali cafe
freshdays, fresh days
alokozay, alo kozay
boncafe, bon cafe
mr. brown, mr brown, mrbrown
8x4, 8 x 4, 8x 4, 8 x4
al rashaka, alrashaka
halawani & tahhan, halawani
fresh & tasty, fresh&tasty, fresh tasty
kerrygold, kerry gold, kerygold, kery gold
libby's, libbys, libby, liby's, libys, liby
sannine, sanine, sanin
al jazira, aljazira, al jazirah, aljazirah
mackintosh's, mackintoshs, mackintosh
reese's, reeses, reese
al rabie, alrabie
power horse, powerhorse
ice tea, icetea
ice coffee, ice cofe, ice coffe, icecoffee, icecofe, icecoffe
pokka, poka
tiffany, tifany
tic tac, tictac
oral b, oralb
indomie, indome, indomy
johnson's, jonson's, jonhsons, jonsons, johnson, jonson
jelly bean, jellybean
al nakhla, alnakhla
al shifa, alshifa
dr. pepper, dr pepper, dr. peper, dr peper, drpepper, drpeper
capri-sun, capri sun, caprisun, caprisonne, caprisonn, capri-sonne, capri-sonn
coke light, coca cola light, diet coke, cocacola light, coca-cola light
always fresh, alwaysfresh, always
sunwhite, sun white
scotch-brite, scotch brite, scotch-bright, scotch bright, scoch-brite, scoch brite, scoch-bright, scoch bright
coke zero, coca cola zero, coca-cola zero, cocacola zero
clean & clear, clean clear, clean&clear
acqua panna, acquapanna, acqua pana, acquapana
hunt's, hunts, hunt
airwick, air wick
hansaplast, hansa plast
nutella, nutela, nuttella, nuttela
dr. oetker, dr oetker, droetker
lifebuoy, lifeboy, life buoy, life boy
skittles, skittle's, skittle, skitles, skitle, skitells, skitell's, skitelle's, skitelle
m&m's, m&ms, m&m
del grosso, delgrosso
kikkoman, kikoman
house spice, housespice
raffaello, rafaelo, rafaello, raffaelo
al arz, alarz
newtree, new tree
hartbeat, hart beat
greenvalley, green valley
san pellegrino, sanpellegrino, san pelegrino, sanpelegrino
bonne maman, bonnemaman
mountain dew, mountaindew
coke life, coca-cola life, coca cola life, cocacola life
sunsilk, sun silk
diet pepsi, pepsi light, light pepsi
isostar, iso star
close up, close-up, closeup
juicy fruit, juicyfruit
labello, labelo
freez, freeze
special k, specialk
nature valley, naturevalley
clear men, cleanmen
best cafe, bestcafe
popchips, pop chips
oronamin c, ornamin c, oronamic, ornaminc
lavachequirit, la vache qui rit, lavache qui rit, la vache quirit, la vache, lavache, lavache quirit
hershey's, hersheys, hershey, hershy, hershe, hershe's, hershes, hershee, hershee's, hershees hershy's, hershys
blue dragon, bluedragon
perrier, perier
barilla, barila
old spice, oldspice
fair & lovely, fair&lovely, fair lovely
rio mare, riomare
pillsbury, pills bury
sunbulah, al sunbulah, alsunbulah
sunquick, sun quick, sunquik, sun quik
lipton tea, lipton, liptontea
band-ain, band aid, bandaid
chips ahoy, chipsahoy
l'oreal, loreal
coca pops, cocopops,
pocari sweat, pocarisweat
cafe pele, cafepele
mcvitie's, mcvities, mcvitys, mcvity's, mcvitie, mcvity
kidsmania, kids mania
jolly time, jollytime
haagen-dazs, haagen-daz, haagen-das, haagen dazs, haagen daz, haagen das
hagen-dazs, hagen-daz, hagen-das, hagen daz, hagen dazc, hagen das, hagendazs, hagendaz, hagendas
greendale, green dale
corn flakes, cornflakes
st. ives, st ives, stives
7 days, 7days
al rifai, alrifai
vita coco, vitacoco
french's, frenchs
schweppes, schwepes, schwepps, schweps
chupa chups, chupa chups
ben & jerry's, ben & jerry, ben&jerrys, ben&jerry, ben&jerrys
al khaleejia, alkhaleejia
dettol, detol, dettoll, detoll
kama sutra, kamasutra
l'usine, lusine
tresemme, tres semme
wrigley's, wrigleys, wrigley
knorr, knor
lays, lay's
smucker's, smuckers, smucker
alitea, ali tea
al-shamas, al shamas, alshamas
al alali, alalali
aquafresh, aqua fresh, acquafresh, acqua fresh
vitamilk, vita milk
pifpaf, pifpaf
